{
  "interactionModel": {
    "languageModel": {
      "invocationName": "beta daltonismo",
      "intents": [
        {
          "name": "AMAZON.CancelIntent",
          "samples": []
        },
        {
          "name": "AMAZON.HelpIntent",
          "samples": []
        },
        {
          "name": "AMAZON.StopIntent",
          "samples": []
        },
        {
          "name": "GetNumberIntent",
          "slots": [
            {
              "name": "numeri",
              "type": "AMAZON.NUMBER"
            }
          ],
          "samples": [
            "{numeri}"
          ]
        },
        {
          "name": "AMAZON.NavigateHomeIntent",
          "samples": []
        }
      ],
      "types": []
    }
  },
  "version": "4"
}